season,depth_thresholds_m,weighting_scenario,exposure_class,natura_area_m2,number_of_grid_cells,mean_traffic,mean_depth_m,mean_natura_share,total_natura_area_m2,natura_area_percent
winter,10/50,30_70,No exposure,113451534.64298502,128434,0.3528368828472003,271.8733655234587,0.0024489056811785926,10359878720.00407,1.0951048531477445
winter,10/50,30_70,Low,5850606596.150142,8653,0.2878707599894401,67.56256129710768,0.7089722849440887,10359878720.00407,56.47369775529421
winter,10/50,30_70,Moderate,1898560143.0489345,2486,5.815983101916242,23.58414853307109,0.8711327961067961,10359878720.00407,18.3260846421201
winter,10/50,30_70,High,2480950611.2267427,3843,0.33025973259641866,10.00728210159032,0.981253827269364,10359878720.00407,23.94768006729878
winter,10/50,30_70,Critical,16309834.935266646,38,72.31963504916581,5.153429947195824,0.9795736633539884,10359878720.00407,0.15743268213916153
summer,10/50,30_70,No exposure,3715068.318421891,128111,0.8792645850932573,272.0513714213496,2.9978615772429816e-4,10359878720.00407,0.03586015260244698
summer,10/50,30_70,Low,5855553004.035106,8837,2.451520703975549,68.39095528971342,0.7123341247276078,10359878720.00407,56.52144356408842
summer,10/50,30_70,Moderate,1856457445.1577358,2422,7.3811660887622725,24.311870412537626,0.864068926781334,10359878720.00407,17.919683186764242
summer,10/50,30_70,High,2488617996.4349966,3732,4.058275317919137,10.734029622972985,0.9778323342225568,10359878720.00407,24.021690443438114
summer,10/50,30_70,Critical,155535206.0578114,352,69.12971420288483,7.772866630928437,0.987870868607223,10359878720.00407,1.5013226531067954
winter,10/50,50_50,No exposure,113451534.64298502,128434,0.3528368828472003,271.8733655234587,0.0024489056811785926,10359878720.00407,1.0951048531477445
winter,10/50,50_50,Low,6579816107.866807,9639,0.25331415466784346,63.25026988826254,0.721129332442515,10359878720.00407,63.512482005814654
winter,10/50,50_50,Moderate,2871011549.5251884,3960,3.7292761596896766,16.481525049267276,0.9446733630903704,10359878720.00407,27.71279111580237
winter,10/50,50_50,High,792852103.0991087,1412,1.4306948442040877,4.273840013857227,0.9971231786074506,10359878720.00407,7.653102169701821
winter,10/50,50_50,Critical,2747424.869982185,9,215.44688142551215,4.925921589031001,0.9717209668137263,10359878720.00407,0.026519855533415987
summer,10/50,50_50,No exposure,3715068.318421891,128111,0.8792645850932573,272.0513714213496,2.9978615772429816e-4,10359878720.00407,0.03586015260244698
summer,10/50,50_50,Low,6395313303.853192,9566,2.098337988186125,65.00330180217301,0.7188534518735592,10359878720.00407,61.731546060518745
summer,10/50,50_50,Moderate,2709767076.660513,3523,5.971513139640283,18.918341855701136,0.9298926629583841,10359878720.00407,26.15635906459191
summer,10/50,50_50,High,1235569088.8950462,2211,11.070034786682086,7.113242891130924,0.990496953814695,10359878720.00407,11.926482175020682
summer,10/50,50_50,Critical,15514182.276897948,43,329.034019041544,7.491812500781818,0.9795274614288468,10359878720.00407,0.14975254726622758
winter,10/50,70_30,No exposure,113451534.64298502,128434,0.3528368828472003,271.8733655234587,0.0024489056811785926,10359878720.00407,1.0951048531477445
winter,10/50,70_30,Low,8490274660.279144,12067,0.20149858620264996,54.37082246040125,0.7616659225674897,10359878720.00407,81.95341750367334
winter,10/50,70_30,Moderate,1742649970.3795495,2917,0.7175729535666204,7.768732468873388,0.9883215706017772,10359878720.00407,16.821142577804856
winter,10/50,70_30,High,13493023.434251402,35,461.41536377443845,12.30140077127445,0.95997153153763215,10359878720.00407,0.13024306363932125
winter,10/50,70_30,Critical,9531.268141227774,1,340.1856384277344,6,0.9998574752129298,10359878720.00407,9.200173475799174e-5
summer,10/50,70_30,No exposure,3715068.318421891,128111,0.8792645850932573,272.0513714213496,2.9978615772429816e-4,10359878720.00407,0.03586015260244698
summer,10/50,70_30,Low,7809150948.390463,11291,1.7551549726789666,58.018914105971724,0.746925866150332,10359878720.00407,75.37878733379029
summer,10/50,70_30,Moderate,2400350792.9604745,3732,4.402342921485075,11.187632613156152,0.9751061896856729,10359878720.00407,23.169680435791157
summer,10/50,70_30,High,142972405.6199425,307,114.96762276112655,11.472621606845731,0.9746444518927022,10359878720.00407,1.3800586810333464
summer,10/50,70_30,Critical,3689504.714769605,13,578.4600612495988,8.792357618136258,0.9861782007074612,10359878720.00407,0.03561339678277774
winter,20/50,30_70,No exposure,113451534.64298502,128434,0.3528368828472003,271.8733655234587,0.0024489056811785926,10359878720.00407,1.0951048531477445
winter,20/50,30_70,Low,5501290469.1310215,8191,0.3006626345354625,69.57758745489907,0.702872520707007,10359878720.00407,53.10188099507849
winter,20/50,30_70,Moderate,1420205577.4881952,2006,7.117241193554532,25.50817905234832,0.8118498946340852,10359878720.00407,13.708708527117171
winter,20/50,30_70,High,3307650982.97145,4781,0.29778737983771725,12.749416400578388,0.9791955343164226,10359878720.00407,31.92750680164478
winter,20/50,30_70,Critical,17280155.77041904,42,66.64756470284465,6.223711404940874,0.9814765436292013,10359878720.00407,0.1667988230118224
summer,20/50,30_70,No exposure,3715068.318421891,128111,0.8792645850932573,272.0513714213496,2.9978615772429816e-4,10359878720.00407,0.03586015260244698
summer,20/50,30_70,Low,5543935525.3639765,8419,2.4686267103178343,70.22778508489907,0.7077106159057858,10359878720.00407,53.51351763084924
summer,20/50,30_70,Moderate,1389720153.8391454,1967,8.049689114409894,25.93593197454583,0.8046341863033636,10359878720.00407,13.414444236260321
summer,20/50,30_70,High,3047972273.2074313,4267,2.6922227327865786,13.198043736623356,0.9748819206720921,10359878720.00407,29.420926205651888
summer,20/50,30_70,Critical,374535699.2750957,690,44.561720418736854,11.88280814812396,0.9911886125699163,10359878720.00407,3.615251774636108
winter,20/50,50_50,No exposure,113451534.64298502,128434,0.3528368828472003,271.8733655234587,0.0024489056811785926,10359878720.00407,1.0951048531477445
winter,20/50,50_50,Low,5958784139.41088,8908,0.27010376231037386,66.02264404205803,0.7045547288294398,10359878720.00407,57.51789475976162
winter,20/50,50_50,Moderate,2471010329.865717,3451,4.22603197840533,19.729931581067643,0.9203667409883082,10359878720.00407,23.851730282270584
winter,20/50,50_50,High,1813885291.214507,2652,0.8286108561721038,9.537795900104873,0.9982846658679062,10359878720.00407,17.50875024928665
winter,20/50,50_50,Critical,2747424.869982185,9,215.44688142551215,4.925921589031001,0.9717209668137263,10359878720.00407,0.026519855533415987
summer,20/50,50_50,No exposure,3715068.318421891,128111,0.8792645850932573,272.0513714213496,2.9978615772429816e-4,10359878720.00407,0.03586015260244698
summer,20/50,50_50,Low,5882957338.850092,8964,2.1563740943895673,67.3958211876602,0.7067132951767332,10359878720.00407,56.78596726707415
summer,20/50,50_50,Moderate,2153663734.999356,2869,6.434824781991705,22.142365482083257,0.8950506963582547,10359878720.00407,20.788503352271963
summer,20/50,50_50,High,2294385491.426998,3449,6.933681323938264,10.79017827361356,0.9921677884197521,10359878720.00407,22.146837365931027
summer,20/50,50_50,Critical,25157086.409203324,61,289.40675407234085,9.765164263476198,0.9804473749965864,10359878720.00407,0.242831862120423
winter,20/50,70_30,No exposure,113451534.64298502,128434,0.3528368828472003,271.8733655234587,0.0024489056811785926,10359878720.00407,1.0951048531477445
winter,20/50,70_30,Low,7372561432.106631,10767,0.2221788415617132,58.56703681891826,0.7344599904772681,10359878720.00407,71.16455347948065
winter,20/50,70_30,Moderate,2860203158.174378,4216,0.49163247687877865,11.612248921706485,0.9879109919864036,10359878720.00407,27.608461792622744
winter,20/50,70_30,High,13653063.81193601,36,449.4858158159281,12.592585870735249,0.9608959163243204,10359878720.00407,0.13178787301412198
winter,20/50,70_30,Critical,9531.268141227774,1,340.1856384277344,6,0.9998574752129298,10359878720.00407,9.200173475799174e-5
summer,20/50,70_30,No exposure,3715068.318421891,128111,0.8792645850932573,272.0513714213496,2.9978615772429816e-4,10359878720.00407,0.03586015260244698
summer,20/50,70_30,Low,6965119859.5976095,10359,1.8377816713394761,61.26456951136713,0.7264206900840163,10359878720.00407,67.23167372749778
summer,20/50,70_30,Moderate,3195993355.6458063,4585,3.3971982779934993,13.535714951206552,0.9747708790423243,10359878720.00407,30.849717858903183
summer,20/50,70_30,High,190252758.67366502,384,93.77014784193722,12.750184186060537,0.9779961219443238,10359878720.00407,1.8364380878928885
summer,20/50,70_30,Critical,4797677.768568631,15,554.4678793100416,9.593376602384756,0.9870332089721968,10359878720.00407,0.046310173103713194
winter,20/60,30_70,No exposure,104305783.65235786,128421,0.3528726262506431,271.89536975709484,0.002373325551476366,10359878720.00407,1.0068243699702006
winter,20/60,30_70,Low,5161103634.996594,7814,0.31275390775268086,71.0006514688941,0.6906211940359244,10359878720.00407,49.81818585415415
winter,20/60,30_70,Moderate,1385935264.8002107,1991,7.174628713088616,27.73104162479461,0.8023512299922195,10359878720.00407,13.377910130589502
winter,20/60,30_70,High,3691093840.4068046,5185,0.2699570802253495,14.079104643491737,0.9801509948754388,10359878720.00407,35.62873601289953
winter,20/60,30_70,Critical,17440196.148103647,43,65.84068266947772,6.608835892078603,0.9817503306112759,10359878720.00407,0.16834363238662312
summer,20/60,30_70,No exposure,3715068.318421891,128111,0.8792645850932573,272.0513714213496,2.9978615772429816e-4,10359878720.00407,0.03586015260244698
summer,20/60,30_70,Low,5198491837.985888,8029,2.288501702966829,71.6654497338493,0.6966205802625464,10359878720.00407,50.17908006922928
summer,20/60,30_70,Moderate,1292833586.3593519,1887,8.878373644348382,28.075189060093724,0.7855584532778542,10359878720.00407,12.479234760374144
summer,20/60,30_70,High,3486570054.4205017,4732,2.7296373148298922,14.932616094318433,0.9763814105542539,10359878720.00407,33.65454508350781
summer,20/60,30_70,Critical,378268172.91990775,695,44.33426634063558,11.95500274520837,0.9912520042367783,10359878720.00407,3.6512799342863267
winter,20/60,50_50,No exposure,104305783.65235786,128421,0.3528726262506431,271.89536975709484,0.002373325551476366,10359878720.00407,1.0068243699702006
winter,20/60,50_50,Low,5569967197.56375,8488,0.2799858771047961,67.52259289465773,0.6911050069997288,10359878720.00407,53.76479153958244
winter,20/60,50_50,Moderate,2865667889.2620344,3878,1.1134948035567274,21.624799377373442,0.9257698042275374,10359878720.00407,27.661210779704074
winter,20/60,50_50,High,1817190424.655947,2658,4.806864498132423,9.60674905480244,0.998236791891364,10359878720.00407,17.540653455209878
winter,20/60,50_50,Critical,2747424.869982185,9,215.44688142551215,4.925921589031001,0.9717209668137263,10359878720.00407,0.026519855533415987
summer,20/60,50_50,No exposure,3715068.318421891,128111,0.8792645850932573,272.0513714213496,2.9978615772429816e-4,10359878720.00407,0.03586015260244698
summer,20/60,50_50,Low,5494988447.703476,8535,2.185433496513431,68.90438756550424,0.6942235137078616,10359878720.00407,53.04104996029642
summer,20/60,50_50,Moderate,2476301390.3905115,3220,3.274172122805694,24.26030287494473,0.9007029376210228,10359878720.00407,23.902802892942926
summer,20/60,50_50,High,2359716727.1824584,3527,9.253309504096832,11.131876316172253,0.9921757809581802,10359878720.00407,22.777455132037794
summer,20/60,50_50,Critical,25157086.409203324,61,289.40675407234085,9.765164263476198,0.9804473749965864,10359878720.00407,0.242831862120423
winter,20/60,70_30,No exposure,104305783.65235786,128421,0.3528726262506431,271.89536975709484,0.002373325551476366,10359878720.00407,1.0068243699702006
winter,20/60,70_30,Low,7220115197.402712,10607,0.22476924538740703,59.10165264587358,0.730191247131441,10359878720.00407,69.69304750123442
winter,20/60,70_30,Moderate,3021153992.605946,4388,0.4382556891531955,12.179278115898397,0.9882832914616632,10359878720.00407,29.16205946284243
winter,20/60,70_30,High,14294215.074914139,37,441.4231182344443,13.377245712066728,0.961296838499212,10359878720.00407,0.1379766642182132
winter,20/60,70_30,Critical,9531.268141227774,1,340.1856384277344,6,0.9998574752129298,10359878720.00407,9.200173475799174e-5
summer,20/60,70_30,No exposure,3715068.318421891,128111,0.8792645850932573,272.0513714213496,2.9978615772429816e-4,10359878720.00407,0.03586015260244698
summer,20/60,70_30,Low,6705711986.3486395,10076,1.829771582680185,62.095273232939164,0.7191790811604148,10359878720.00407,64.7277074141849
summer,20/60,70_30,Moderate,3450165658.1737213,4861,3.2469063428706066,14.64010832808166,0.9753486920066318,10359878720.00407,33.30314718368022
summer,20/60,70_30,High,195488329.39472,391,93.0511178808731,13.03768139606124,0.977617662914133,10359878720.00407,1.8869750764287248
summer,20/60,70_30,Critical,4797677.768568631,15,554.4678793100416,9.593376602384756,0.9870332089721968,10359878720.00407,0.046310173103713194
